<?xml version="1.0" encoding="utf-8" ?><dwsync><file name="water.png" server="cabbibo.ipage.com//" local="3421581984" remote="12012326012" /><file name="spin.png" server="cabbibo.ipage.com//" local="3421581908" remote="12012326012" /><file name="download.png" server="cabbibo.ipage.com//" local="3421582318" remote="12012326012" /><file name="info.png" server="cabbibo.ipage.com//" local="3421581826" remote="12012326012" /><file name="logo.png" server="cabbibo.ipage.com//" local="3422128569" remote="12012326012" /><file name="stumble.png" server="cabbibo.ipage.com//" local="3422128315" remote="12012326012" /><file name="fb.png" server="cabbibo.ipage.com//" local="3421581886" remote="12012326012" /><file name="twit.png" server="cabbibo.ipage.com//" local="3421581868" remote="12012326012" /><file name="hnr.png" server="cabbibo.ipage.com//" local="3421585966" remote="12012326012" /><file name="air.png" server="cabbibo.ipage.com//" local="3421581969" remote="12012326012" /><file name="blank.png" server="cabbibo.ipage.com//" local="3421581808" remote="12012326012" /><file name="cabbibo.png" server="cabbibo.ipage.com//" local="3421582022" remote="12012326012" /><file name="earth.png" server="cabbibo.ipage.com//" local="3421581957" remote="12012326012" /><file name="fire.png" server="cabbibo.ipage.com//" local="3421582001" remote="12012326012" /><file name="stopSpin.png" server="cabbibo.ipage.com//" local="3421581929" remote="12012326012" /><file name="store.png" server="cabbibo.ipage.com//" local="3421581844" remote="12012326012" /><file name="slide.png" server="cabbibo.ipage.com//" local="3421584410" remote="12012326012" /><file name="slideBack.png" server="cabbibo.ipage.com//" local="3422202692" remote="12012326012" /></dwsync>