<?xml version="1.0" encoding="utf-8" ?><dwsync><file name="airBg.png" server="ftp.elsupermusiccollective.com" local="3421197186" remote="12011310752" /><file name="earthBg.png" server="ftp.elsupermusiccollective.com" local="3421197041" remote="12011310752" /><file name="fireBg.png" server="ftp.elsupermusiccollective.com" local="3418991070" remote="12011310812" /><file name="waterBg.png" server="ftp.elsupermusiccollective.com" local="3421196886" remote="12011310812" /><file name="airBg.png" server="cabbibo.ipage.com//" local="3422142399" remote="12012325892" /><file name="earthBg.png" server="cabbibo.ipage.com//" local="3422142423" remote="12012325952" /><file name="fireBg.png" server="cabbibo.ipage.com//" local="3422142447" remote="12012325952" /><file name="waterBg.png" server="cabbibo.ipage.com//" local="3422142470" remote="12012326012" /></dwsync>